<?xml version="1.0"?>
<?mso-application progid="Excel.Sheet"?>
<Workbook xmlns="urn:schemas-microsoft-com:office:spreadsheet"
 xmlns:o="urn:schemas-microsoft-com:office:office"
 xmlns:x="urn:schemas-microsoft-com:office:excel"
 xmlns:ss="urn:schemas-microsoft-com:office:spreadsheet"
 xmlns:html="http://www.w3.org/TR/REC-html40">
 <DocumentProperties xmlns="urn:schemas-microsoft-com:office:office">
  <Created>2006-09-16T00:00:00Z</Created>
  <LastSaved>2018-04-05T05:06:25Z</LastSaved>
  <Version>12.00</Version>
 </DocumentProperties>
 <OfficeDocumentSettings xmlns="urn:schemas-microsoft-com:office:office">
  <RemovePersonalInformation/>
 </OfficeDocumentSettings>
 <ExcelWorkbook xmlns="urn:schemas-microsoft-com:office:excel">
  <WindowHeight>8010</WindowHeight>
  <WindowWidth>14805</WindowWidth>
  <WindowTopX>240</WindowTopX>
  <WindowTopY>105</WindowTopY>
  <ActiveSheet>1</ActiveSheet>
  <ProtectStructure>False</ProtectStructure>
  <ProtectWindows>False</ProtectWindows>
 </ExcelWorkbook>
 <Styles>
  <Style ss:ID="Default" ss:Name="Normal">
   <Alignment ss:Vertical="Bottom"/>
   <Borders/>
   <Font ss:FontName="Calibri" x:Family="Swiss" ss:Size="11" ss:Color="#000000"/>
   <Interior/>
   <NumberFormat/>
   <Protection/>
  </Style>
  <Style ss:ID="s62">
   <NumberFormat ss:Format="@"/>
  </Style>
  <Style ss:ID="s63">
   <NumberFormat ss:Format="0.0000"/>
  </Style>
  <Style ss:ID="s64">
   <Font ss:FontName="Arial" ss:Bold="1"/>
  </Style>
  <Style ss:ID="s65">
   <NumberFormat ss:Format="mm/dd/yyyy;@"/>
  </Style>
  <Style ss:ID="s66">
   <NumberFormat ss:Format="0"/>
  </Style>
 </Styles>
 <Worksheet ss:Name="SheetAccount">
  <Table ss:ExpandedColumnCount="3" ss:ExpandedRowCount="18" x:FullColumns="1"
   x:FullRows="1" ss:DefaultRowHeight="15">
   <Row ss:AutoFitHeight="0">
    <Cell><Data ss:Type="String">AccountName</Data></Cell>
    <Cell><Data ss:Type="String">Balance</Data></Cell>
    <Cell><Data ss:Type="String">AccountType</Data></Cell>
   </Row>
   <Row ss:AutoFitHeight="0">
    <Cell ss:StyleID="s62"><Data ss:Type="String">7479797141</Data></Cell>
    <Cell ss:StyleID="s63"><Data ss:Type="Number">8.35</Data></Cell>
    <Cell><Data ss:Type="String">Fixed</Data></Cell>
   </Row>
   <Row ss:AutoFitHeight="0">
    <Cell ss:StyleID="s62"><Data ss:Type="String">7481522713</Data></Cell>
    <Cell ss:StyleID="s63"><Data ss:Type="Number">8.35</Data></Cell>
    <Cell><Data ss:Type="String">Savings</Data></Cell>
   </Row>
   <Row ss:AutoFitHeight="0">
    <Cell ss:StyleID="s62"><Data ss:Type="String">7506034185</Data></Cell>
    <Cell ss:StyleID="s63"><Data ss:Type="Number">25</Data></Cell>
    <Cell><Data ss:Type="String">Savings</Data></Cell>
   </Row>
   <Row ss:AutoFitHeight="0">
    <Cell ss:StyleID="s62"><Data ss:Type="String">7506741074</Data></Cell>
    <Cell ss:StyleID="s63"><Data ss:Type="Number">12.5</Data></Cell>
    <Cell><Data ss:Type="String">Savings</Data></Cell>
   </Row>
   <Row ss:AutoFitHeight="0">
    <Cell ss:StyleID="s62"/>
    <Cell ss:StyleID="s63"/>
   </Row>
   <Row ss:AutoFitHeight="0">
    <Cell ss:StyleID="s62"><Data ss:Type="String">89441000303835700236</Data></Cell>
    <Cell ss:StyleID="s63"><Data ss:Type="Number">20.833300000000001</Data></Cell>
    <Cell><Data ss:Type="String">Fixed</Data></Cell>
   </Row>
   <Row ss:AutoFitHeight="0">
    <Cell ss:StyleID="s62"><Data ss:Type="String">7507326373</Data></Cell>
    <Cell ss:StyleID="s63"><Data ss:Type="Number">4.1666999999999996</Data></Cell>
    <Cell><Data ss:Type="String">Savings</Data></Cell>
   </Row>
   <Row ss:AutoFitHeight="0">
    <Cell ss:StyleID="s62"><Data ss:Type="String">7507349956</Data></Cell>
    <Cell ss:StyleID="s63"><Data ss:Type="Number">25</Data></Cell>
    <Cell><Data ss:Type="String">Fixed</Data></Cell>
   </Row>
   <Row ss:AutoFitHeight="0">
    <Cell ss:StyleID="s62"><Data ss:Type="String">7983352861</Data></Cell>
    <Cell ss:StyleID="s63"><Data ss:Type="Number">8.3332999999999995</Data></Cell>
    <Cell><Data ss:Type="String">Premier</Data></Cell>
   </Row>
   <Row ss:AutoFitHeight="0">
    <Cell ss:StyleID="s62"><Data ss:Type="String">7487552870</Data></Cell>
    <Cell ss:StyleID="s63"><Data ss:Type="Number">4.1666999999999996</Data></Cell>
    <Cell><Data ss:Type="String">Premier</Data></Cell>
   </Row>
   <Row ss:AutoFitHeight="0">
    <Cell ss:StyleID="s62"><Data ss:Type="String">7481521880</Data></Cell>
    <Cell ss:StyleID="s63"><Data ss:Type="Number">29.15</Data></Cell>
    <Cell><Data ss:Type="String">Fixed</Data></Cell>
   </Row>
   <Row ss:AutoFitHeight="0">
    <Cell ss:StyleID="s62"><Data ss:Type="String">7481518684</Data></Cell>
    <Cell ss:StyleID="s63"><Data ss:Type="Number">25</Data></Cell>
    <Cell><Data ss:Type="String">Premier</Data></Cell>
   </Row>
   <Row ss:AutoFitHeight="0">
    <Cell ss:StyleID="s62"><Data ss:Type="String">7538710854</Data></Cell>
    <Cell ss:StyleID="s63"><Data ss:Type="Number">20.833300000000001</Data></Cell>
    <Cell><Data ss:Type="String">Premier</Data></Cell>
   </Row>
   <Row ss:AutoFitHeight="0">
    <Cell ss:StyleID="s62"><Data ss:Type="String">7507107284</Data></Cell>
    <Cell ss:StyleID="s63"><Data ss:Type="Number">20.833300000000001</Data></Cell>
    <Cell><Data ss:Type="String">Fixed</Data></Cell>
   </Row>
   <Row ss:AutoFitHeight="0">
    <Cell ss:StyleID="s62"><Data ss:Type="String">7487553840</Data></Cell>
    <Cell ss:StyleID="s63"><Data ss:Type="Number">12.5</Data></Cell>
    <Cell><Data ss:Type="String">Premier</Data></Cell>
   </Row>
   <Row ss:AutoFitHeight="0">
    <Cell ss:StyleID="s62"><Data ss:Type="String">7947759722</Data></Cell>
    <Cell ss:StyleID="s63"><Data ss:Type="Number">12.5</Data></Cell>
    <Cell><Data ss:Type="String">Fixed</Data></Cell>
   </Row>
   <Row ss:AutoFitHeight="0">
    <Cell ss:StyleID="s62"><Data ss:Type="String">7481960798</Data></Cell>
    <Cell ss:StyleID="s63"><Data ss:Type="Number">16.649999999999999</Data></Cell>
    <Cell><Data ss:Type="String">Premier</Data></Cell>
   </Row>
  </Table>
  <WorksheetOptions xmlns="urn:schemas-microsoft-com:office:excel">
   <PageSetup>
    <Header x:Margin="0.3"/>
    <Footer x:Margin="0.3"/>
    <PageMargins x:Bottom="0.75" x:Left="0.7" x:Right="0.7" x:Top="0.75"/>
   </PageSetup>
   <Unsynced/>
   <Panes>
    <Pane>
     <Number>3</Number>
     <ActiveRow>15</ActiveRow>
     <ActiveCol>2</ActiveCol>
    </Pane>
   </Panes>
   <ProtectObjects>False</ProtectObjects>
   <ProtectScenarios>False</ProtectScenarios>
  </WorksheetOptions>
 </Worksheet>
 <Worksheet ss:Name="SheetPerson">
  <Table ss:ExpandedColumnCount="9" ss:ExpandedRowCount="20" x:FullColumns="1"
   x:FullRows="1" ss:DefaultRowHeight="15">
   <Column ss:Index="3" ss:AutoFitWidth="0" ss:Width="127.5"/>
   <Column ss:AutoFitWidth="0" ss:Width="134.25"/>
   <Column ss:Width="56.25"/>
   <Column ss:Index="7" ss:Width="48.75"/>
   <Column ss:Width="56.25"/>
   <Column ss:Width="48.75"/>
   <Row ss:AutoFitHeight="0"/>
   <Row ss:AutoFitHeight="0">
    <Cell ss:Index="3" ss:StyleID="s64"><Data ss:Type="String">Serial No.</Data></Cell>
    <Cell ss:StyleID="s64"><Data ss:Type="String">accountname</Data></Cell>
    <Cell ss:StyleID="s64"><Data ss:Type="String">BOD</Data></Cell>
    <Cell ss:StyleID="s64"><Data ss:Type="String">distname</Data></Cell>
    <Cell ss:StyleID="s64"><Data ss:Type="String">balanceamount</Data></Cell>
    <Cell ss:StyleID="s64"><Data ss:Type="String">AccountStartDate</Data></Cell>
    <Cell ss:StyleID="s64"/>
   </Row>
   <Row ss:AutoFitHeight="0">
    <Cell ss:Index="3" ss:StyleID="s64"/>
    <Cell ss:StyleID="s64"/>
    <Cell ss:StyleID="s64"/>
    <Cell ss:StyleID="s64"/>
    <Cell ss:StyleID="s64"/>
    <Cell ss:StyleID="s64"/>
    <Cell ss:StyleID="s64"/>
   </Row>
   <Row ss:AutoFitHeight="0">
    <Cell ss:Index="3" ss:StyleID="s62"><Data ss:Type="String">894420010055</Data></Cell>
    <Cell ss:StyleID="s62"><Data ss:Type="String">7479797141</Data></Cell>
    <Cell ss:StyleID="s65"><Data ss:Type="DateTime">2014-11-07T00:00:00.000</Data></Cell>
    <Cell ss:StyleID="s62"><Data ss:Type="String">THREE</Data></Cell>
    <Cell ss:StyleID="s63"><Data ss:Type="Number">8.35</Data></Cell>
    <Cell ss:StyleID="s65"><Data ss:Type="DateTime">2016-09-28T00:00:00.000</Data></Cell>
    <Cell ss:StyleID="s66"><Data ss:Type="Number">3</Data></Cell>
   </Row>
   <Row ss:AutoFitHeight="0">
    <Cell ss:Index="3" ss:StyleID="s62"><Data ss:Type="String">894420010109</Data></Cell>
    <Cell ss:StyleID="s62"><Data ss:Type="String">7481522713</Data></Cell>
    <Cell ss:StyleID="s65"><Data ss:Type="DateTime">2015-02-09T00:00:00.000</Data></Cell>
    <Cell ss:StyleID="s62"><Data ss:Type="String">THREE</Data></Cell>
    <Cell ss:StyleID="s63"><Data ss:Type="Number">8.35</Data></Cell>
    <Cell ss:StyleID="s65"><Data ss:Type="DateTime">2016-09-28T00:00:00.000</Data></Cell>
    <Cell ss:StyleID="s66"><Data ss:Type="Number">1</Data></Cell>
   </Row>
   <Row ss:AutoFitHeight="0">
    <Cell ss:Index="3" ss:StyleID="s62"><Data ss:Type="String">321196597781</Data></Cell>
    <Cell ss:StyleID="s62"><Data ss:Type="String">7506034185</Data></Cell>
    <Cell ss:StyleID="s65"><Data ss:Type="DateTime">2015-02-09T00:00:00.000</Data></Cell>
    <Cell ss:StyleID="s62"><Data ss:Type="String">EE</Data></Cell>
    <Cell ss:StyleID="s63"><Data ss:Type="Number">25</Data></Cell>
    <Cell ss:StyleID="s65"><Data ss:Type="DateTime">2016-09-28T00:00:00.000</Data></Cell>
    <Cell ss:StyleID="s66"><Data ss:Type="Number">6</Data></Cell>
   </Row>
   <Row ss:AutoFitHeight="0">
    <Cell ss:Index="3" ss:StyleID="s62"><Data ss:Type="String">321196598927</Data></Cell>
    <Cell ss:StyleID="s62"><Data ss:Type="String">7506741074</Data></Cell>
    <Cell ss:StyleID="s65"><Data ss:Type="DateTime">2015-02-09T00:00:00.000</Data></Cell>
    <Cell ss:StyleID="s62"><Data ss:Type="String">EE</Data></Cell>
    <Cell ss:StyleID="s63"><Data ss:Type="Number">12.5</Data></Cell>
    <Cell ss:StyleID="s65"><Data ss:Type="DateTime">2016-09-28T00:00:00.000</Data></Cell>
    <Cell ss:StyleID="s66"><Data ss:Type="Number">3</Data></Cell>
   </Row>
   <Row ss:AutoFitHeight="0">
    <Cell ss:Index="3" ss:StyleID="s62"/>
    <Cell ss:StyleID="s62"/>
    <Cell ss:StyleID="s65"/>
    <Cell ss:StyleID="s62"/>
    <Cell ss:StyleID="s63"/>
    <Cell ss:StyleID="s65"/>
    <Cell ss:StyleID="s66"/>
   </Row>
   <Row ss:AutoFitHeight="0">
    <Cell ss:Index="3" ss:StyleID="s62"><Data ss:Type="String">894410003038</Data></Cell>
    <Cell ss:StyleID="s62"><Data ss:Type="String">89441000303835700236</Data></Cell>
    <Cell ss:StyleID="s65"><Data ss:Type="DateTime">2015-02-10T00:00:00.000</Data></Cell>
    <Cell ss:StyleID="s62"><Data ss:Type="String">LEBARA MOBILE</Data></Cell>
    <Cell ss:StyleID="s63"><Data ss:Type="Number">20.833300000000001</Data></Cell>
    <Cell ss:StyleID="s65"><Data ss:Type="DateTime">2016-09-28T00:00:00.000</Data></Cell>
    <Cell ss:StyleID="s66"><Data ss:Type="Number">6</Data></Cell>
   </Row>
   <Row ss:AutoFitHeight="0">
    <Cell ss:Index="3" ss:StyleID="s62"><Data ss:Type="String">321198878097</Data></Cell>
    <Cell ss:StyleID="s62"><Data ss:Type="String">7507326373</Data></Cell>
    <Cell ss:StyleID="s65"><Data ss:Type="DateTime">2015-03-03T00:00:00.000</Data></Cell>
    <Cell ss:StyleID="s62"><Data ss:Type="String">EE</Data></Cell>
    <Cell ss:StyleID="s63"><Data ss:Type="Number">4.1666999999999996</Data></Cell>
    <Cell ss:StyleID="s65"><Data ss:Type="DateTime">2016-09-28T00:00:00.000</Data></Cell>
    <Cell ss:StyleID="s66"><Data ss:Type="Number">5</Data></Cell>
   </Row>
   <Row ss:AutoFitHeight="0">
    <Cell ss:Index="3" ss:StyleID="s62"><Data ss:Type="String">321198878205</Data></Cell>
    <Cell ss:StyleID="s62"><Data ss:Type="String">7507349956</Data></Cell>
    <Cell ss:StyleID="s65"><Data ss:Type="DateTime">2015-03-03T00:00:00.000</Data></Cell>
    <Cell ss:StyleID="s62"><Data ss:Type="String">EE</Data></Cell>
    <Cell ss:StyleID="s63"><Data ss:Type="Number">25</Data></Cell>
    <Cell ss:StyleID="s65"><Data ss:Type="DateTime">2016-09-28T00:00:00.000</Data></Cell>
    <Cell ss:StyleID="s66"><Data ss:Type="Number">6</Data></Cell>
   </Row>
   <Row ss:AutoFitHeight="0">
    <Cell ss:Index="3" ss:StyleID="s62"><Data ss:Type="String">321198874261</Data></Cell>
    <Cell ss:StyleID="s62"><Data ss:Type="String">7983352861</Data></Cell>
    <Cell ss:StyleID="s65"><Data ss:Type="DateTime">2015-03-03T00:00:00.000</Data></Cell>
    <Cell ss:StyleID="s62"><Data ss:Type="String">EE</Data></Cell>
    <Cell ss:StyleID="s63"><Data ss:Type="Number">8.3332999999999995</Data></Cell>
    <Cell ss:StyleID="s65"><Data ss:Type="DateTime">2016-09-28T00:00:00.000</Data></Cell>
    <Cell ss:StyleID="s66"><Data ss:Type="Number">4</Data></Cell>
   </Row>
   <Row ss:AutoFitHeight="0">
    <Cell ss:Index="3" ss:StyleID="s62"><Data ss:Type="String">321197841459</Data></Cell>
    <Cell ss:StyleID="s62"><Data ss:Type="String">7487552870</Data></Cell>
    <Cell ss:StyleID="s65"><Data ss:Type="DateTime">2015-03-06T00:00:00.000</Data></Cell>
    <Cell ss:StyleID="s62"><Data ss:Type="String">EE</Data></Cell>
    <Cell ss:StyleID="s63"><Data ss:Type="Number">4.1666999999999996</Data></Cell>
    <Cell ss:StyleID="s65"><Data ss:Type="DateTime">2016-09-28T00:00:00.000</Data></Cell>
    <Cell ss:StyleID="s66"><Data ss:Type="Number">1</Data></Cell>
   </Row>
   <Row ss:AutoFitHeight="0">
    <Cell ss:Index="3" ss:StyleID="s62"><Data ss:Type="String">894420010109</Data></Cell>
    <Cell ss:StyleID="s62"><Data ss:Type="String">7481521880</Data></Cell>
    <Cell ss:StyleID="s65"><Data ss:Type="DateTime">2015-03-10T00:00:00.000</Data></Cell>
    <Cell ss:StyleID="s62"><Data ss:Type="String">THREE</Data></Cell>
    <Cell ss:StyleID="s63"><Data ss:Type="Number">29.15</Data></Cell>
    <Cell ss:StyleID="s65"><Data ss:Type="DateTime">2016-09-28T00:00:00.000</Data></Cell>
    <Cell ss:StyleID="s66"><Data ss:Type="Number">2</Data></Cell>
   </Row>
   <Row ss:AutoFitHeight="0">
    <Cell ss:Index="3" ss:StyleID="s62"><Data ss:Type="String">894420010109</Data></Cell>
    <Cell ss:StyleID="s62"><Data ss:Type="String">7481518684</Data></Cell>
    <Cell ss:StyleID="s65"><Data ss:Type="DateTime">2015-03-10T00:00:00.000</Data></Cell>
    <Cell ss:StyleID="s62"><Data ss:Type="String">THREE</Data></Cell>
    <Cell ss:StyleID="s63"><Data ss:Type="Number">25</Data></Cell>
    <Cell ss:StyleID="s65"><Data ss:Type="DateTime">2016-09-28T00:00:00.000</Data></Cell>
    <Cell ss:StyleID="s66"><Data ss:Type="Number">5</Data></Cell>
   </Row>
   <Row ss:AutoFitHeight="0">
    <Cell ss:Index="3" ss:StyleID="s62"><Data ss:Type="String">321198875308</Data></Cell>
    <Cell ss:StyleID="s62"><Data ss:Type="String">7538710854</Data></Cell>
    <Cell ss:StyleID="s65"><Data ss:Type="DateTime">2015-03-13T00:00:00.000</Data></Cell>
    <Cell ss:StyleID="s62"><Data ss:Type="String">EE</Data></Cell>
    <Cell ss:StyleID="s63"><Data ss:Type="Number">20.833300000000001</Data></Cell>
    <Cell ss:StyleID="s65"><Data ss:Type="DateTime">2016-09-28T00:00:00.000</Data></Cell>
    <Cell ss:StyleID="s66"><Data ss:Type="Number">2</Data></Cell>
   </Row>
   <Row ss:AutoFitHeight="0">
    <Cell ss:Index="3" ss:StyleID="s62"><Data ss:Type="String">321198877610</Data></Cell>
    <Cell ss:StyleID="s62"><Data ss:Type="String">7507107284</Data></Cell>
    <Cell ss:StyleID="s65"><Data ss:Type="DateTime">2015-03-13T00:00:00.000</Data></Cell>
    <Cell ss:StyleID="s62"><Data ss:Type="String">EE</Data></Cell>
    <Cell ss:StyleID="s63"><Data ss:Type="Number">20.833300000000001</Data></Cell>
    <Cell ss:StyleID="s65"><Data ss:Type="DateTime">2016-09-28T00:00:00.000</Data></Cell>
    <Cell ss:StyleID="s66"><Data ss:Type="Number">2</Data></Cell>
   </Row>
   <Row ss:AutoFitHeight="0">
    <Cell ss:Index="3" ss:StyleID="s62"><Data ss:Type="String">321197842426</Data></Cell>
    <Cell ss:StyleID="s62"><Data ss:Type="String">7487553840</Data></Cell>
    <Cell ss:StyleID="s65"><Data ss:Type="DateTime">2015-04-07T00:00:00.000</Data></Cell>
    <Cell ss:StyleID="s62"><Data ss:Type="String">EE</Data></Cell>
    <Cell ss:StyleID="s63"><Data ss:Type="Number">12.5</Data></Cell>
    <Cell ss:StyleID="s65"><Data ss:Type="DateTime">2016-09-28T00:00:00.000</Data></Cell>
    <Cell ss:StyleID="s66"><Data ss:Type="Number">1</Data></Cell>
   </Row>
   <Row ss:AutoFitHeight="0">
    <Cell ss:Index="3" ss:StyleID="s62"><Data ss:Type="String">321199247282</Data></Cell>
    <Cell ss:StyleID="s62"><Data ss:Type="String">7947759722</Data></Cell>
    <Cell ss:StyleID="s65"><Data ss:Type="DateTime">2015-04-07T00:00:00.000</Data></Cell>
    <Cell ss:StyleID="s62"><Data ss:Type="String">EE</Data></Cell>
    <Cell ss:StyleID="s63"><Data ss:Type="Number">12.5</Data></Cell>
    <Cell ss:StyleID="s65"><Data ss:Type="DateTime">2016-09-28T00:00:00.000</Data></Cell>
    <Cell ss:StyleID="s66"><Data ss:Type="Number">2</Data></Cell>
   </Row>
   <Row ss:AutoFitHeight="0">
    <Cell ss:Index="3" ss:StyleID="s62"><Data ss:Type="String">894420010131</Data></Cell>
    <Cell ss:StyleID="s62"><Data ss:Type="String">7481960798</Data></Cell>
    <Cell ss:StyleID="s65"><Data ss:Type="DateTime">2015-04-07T00:00:00.000</Data></Cell>
    <Cell ss:StyleID="s62"><Data ss:Type="String">THREE</Data></Cell>
    <Cell ss:StyleID="s63"><Data ss:Type="Number">16.649999999999999</Data></Cell>
    <Cell ss:StyleID="s65"><Data ss:Type="DateTime">2016-09-28T00:00:00.000</Data></Cell>
    <Cell ss:StyleID="s66"><Data ss:Type="Number">2</Data></Cell>
   </Row>
  </Table>
  <WorksheetOptions xmlns="urn:schemas-microsoft-com:office:excel">
   <PageSetup>
    <Header x:Margin="0.3"/>
    <Footer x:Margin="0.3"/>
    <PageMargins x:Bottom="0.75" x:Left="0.7" x:Right="0.7" x:Top="0.75"/>
   </PageSetup>
   <Unsynced/>
   <Selected/>
   <Panes>
    <Pane>
     <Number>3</Number>
     <ActiveRow>21</ActiveRow>
     <ActiveCol>2</ActiveCol>
    </Pane>
   </Panes>
   <ProtectObjects>False</ProtectObjects>
   <ProtectScenarios>False</ProtectScenarios>
  </WorksheetOptions>
 </Worksheet>
 <Worksheet ss:Name="Sheet3">
  <Table ss:ExpandedColumnCount="1" ss:ExpandedRowCount="1" x:FullColumns="1"
   x:FullRows="1" ss:DefaultRowHeight="15">
   <Row ss:AutoFitHeight="0"/>
  </Table>
  <WorksheetOptions xmlns="urn:schemas-microsoft-com:office:excel">
   <PageSetup>
    <Header x:Margin="0.3"/>
    <Footer x:Margin="0.3"/>
    <PageMargins x:Bottom="0.75" x:Left="0.7" x:Right="0.7" x:Top="0.75"/>
   </PageSetup>
   <Unsynced/>
   <ProtectObjects>False</ProtectObjects>
   <ProtectScenarios>False</ProtectScenarios>
  </WorksheetOptions>
 </Worksheet>
</Workbook>
