<?xml version="1.0"?>

<Workbook >
<Worksheet  Name="SheetPerson">
  <Table  >
   <Row  Index="2">
    <Cell  Index="3"  StyleID="s22"><Data  Type="String">Serial No.</Data></Cell>
    <Cell  StyleID="s22"><Data  Type="String">accountname</Data></Cell>
    <Cell  StyleID="s22"><Data  Type="String">BOD</Data></Cell>
    <Cell  StyleID="s22"><Data  Type="String">distname</Data></Cell>
    <Cell  StyleID="s22"><Data  Type="String">balanceamount</Data></Cell>
    <Cell  StyleID="s22"><Data  Type="String">AccountStartDate</Data></Cell>
    <Cell  StyleID="s22"/>
   </Row>
   <Row>
    <Cell  Index="3"  StyleID="s22"/>
    <Cell  StyleID="s22"/>
    <Cell  StyleID="s22"/>
    <Cell  StyleID="s22"/>
    <Cell  StyleID="s22"/>
    <Cell  StyleID="s22"/>
    <Cell  StyleID="s22"/>
   </Row>
   <Row>
    <Cell  Index="3"  StyleID="s23"><Data  Type="String">8944200100559</Data></Cell>
    <Cell  StyleID="s23"><Data  Type="String">7479797141</Data></Cell>
    <Cell  StyleID="s24"><Data  Type="DateTime">2014-11-07T00:00:00.000</Data></Cell>
    <Cell  StyleID="s23"><Data  Type="String">THREE</Data></Cell>
    <Cell  StyleID="s25"><Data  Type="Number">8.35</Data></Cell>
    <Cell  StyleID="s24"><Data  Type="DateTime">2016-09-28T00:00:00.000</Data></Cell>
    <Cell  StyleID="s26"><Data  Type="Number">3</Data></Cell>
   </Row>
   <Row>
    <Cell  Index="3"  StyleID="s23"><Data  Type="String">8944200101097</Data></Cell>
    <Cell  StyleID="s23"><Data  Type="String">7481522713</Data></Cell>
    <Cell  StyleID="s24"><Data  Type="DateTime">2015-02-09T00:00:00.000</Data></Cell>
    <Cell  StyleID="s23"><Data  Type="String">THREE</Data></Cell>
    <Cell  StyleID="s25"><Data  Type="Number">8.35</Data></Cell>
    <Cell  StyleID="s24"><Data  Type="DateTime">2016-09-28T00:00:00.000</Data></Cell>
    <Cell  StyleID="s26"><Data  Type="Number">1</Data></Cell>
   </Row>
   <Row>
    <Cell  Index="3"  StyleID="s23"><Data  Type="String">321196597781</Data></Cell>
    <Cell  StyleID="s23"><Data  Type="String">7506034185</Data></Cell>
    <Cell  StyleID="s24"><Data  Type="DateTime">2015-02-09T00:00:00.000</Data></Cell>
    <Cell  StyleID="s23"><Data  Type="String">EE</Data></Cell>
    <Cell  StyleID="s25"><Data  Type="Number">25</Data></Cell>
    <Cell  StyleID="s24"><Data  Type="DateTime">2016-09-28T00:00:00.000</Data></Cell>
    <Cell  StyleID="s26"><Data  Type="Number">6</Data></Cell>
   </Row>
   <Row>
    <Cell  Index="3"  StyleID="s23"><Data  Type="String">321196598927</Data></Cell>
    <Cell  StyleID="s23"><Data  Type="String">7506741074</Data></Cell>
    <Cell  StyleID="s24"><Data  Type="DateTime">2015-02-09T00:00:00.000</Data></Cell>
    <Cell  StyleID="s23"><Data  Type="String">EE</Data></Cell>
    <Cell  StyleID="s25"><Data  Type="Number">12.5</Data></Cell>
    <Cell  StyleID="s24"><Data  Type="DateTime">2016-09-28T00:00:00.000</Data></Cell>
    <Cell  StyleID="s26"><Data  Type="Number">3</Data></Cell>
   </Row>
   <Row>
    <Cell  Index="3"  StyleID="s23"/>
    <Cell  StyleID="s23"/>
    <Cell  StyleID="s24"/>
    <Cell  StyleID="s23"/>
    <Cell  StyleID="s25"/>
    <Cell  StyleID="s24"/>
    <Cell  StyleID="s26"/>
   </Row>
   <Row>
    <Cell  Index="3"  StyleID="s23"><Data  Type="String">894410003038357</Data></Cell>
    <Cell  StyleID="s23"><Data  Type="String">89441000303835700236</Data></Cell>
    <Cell  StyleID="s24"><Data  Type="DateTime">2015-02-10T00:00:00.000</Data></Cell>
    <Cell  StyleID="s23"><Data  Type="String">LEBARA MOBILE</Data></Cell>
    <Cell  StyleID="s25"><Data  Type="Number">20.833300000000001</Data></Cell>
    <Cell  StyleID="s24"><Data  Type="DateTime">2016-09-28T00:00:00.000</Data></Cell>
    <Cell  StyleID="s26"><Data  Type="Number">6</Data></Cell>
   </Row>
   <Row>
    <Cell  Index="3"  StyleID="s23"><Data  Type="String">321198878097</Data></Cell>
    <Cell  StyleID="s23"><Data  Type="String">7507326373</Data></Cell>
    <Cell  StyleID="s24"><Data  Type="DateTime">2015-03-03T00:00:00.000</Data></Cell>
    <Cell  StyleID="s23"><Data  Type="String">EE</Data></Cell>
    <Cell  StyleID="s25"><Data  Type="Number">4.1666999999999996</Data></Cell>
    <Cell  StyleID="s24"><Data  Type="DateTime">2016-09-28T00:00:00.000</Data></Cell>
    <Cell  StyleID="s26"><Data  Type="Number">5</Data></Cell>
   </Row>
   <Row>
    <Cell  Index="3"  StyleID="s23"><Data  Type="String">321198878205</Data></Cell>
    <Cell  StyleID="s23"><Data  Type="String">7507349956</Data></Cell>
    <Cell  StyleID="s24"><Data  Type="DateTime">2015-03-03T00:00:00.000</Data></Cell>
    <Cell  StyleID="s23"><Data  Type="String">EE</Data></Cell>
    <Cell  StyleID="s25"><Data  Type="Number">25</Data></Cell>
    <Cell  StyleID="s24"><Data  Type="DateTime">2016-09-28T00:00:00.000</Data></Cell>
    <Cell  StyleID="s26"><Data  Type="Number">6</Data></Cell>
   </Row>
   <Row>
    <Cell  Index="3"  StyleID="s23"><Data  Type="String">321198874261</Data></Cell>
    <Cell  StyleID="s23"><Data  Type="String">7983352861</Data></Cell>
    <Cell  StyleID="s24"><Data  Type="DateTime">2015-03-03T00:00:00.000</Data></Cell>
    <Cell  StyleID="s23"><Data  Type="String">EE</Data></Cell>
    <Cell  StyleID="s25"><Data  Type="Number">8.3332999999999995</Data></Cell>
    <Cell  StyleID="s24"><Data  Type="DateTime">2016-09-28T00:00:00.000</Data></Cell>
    <Cell  StyleID="s26"><Data  Type="Number">4</Data></Cell>
   </Row>
   <Row>
    <Cell  Index="3"  StyleID="s23"><Data  Type="String">321197841459</Data></Cell>
    <Cell  StyleID="s23"><Data  Type="String">7487552870</Data></Cell>
    <Cell  StyleID="s24"><Data  Type="DateTime">2015-03-06T00:00:00.000</Data></Cell>
    <Cell  StyleID="s23"><Data  Type="String">EE</Data></Cell>
    <Cell  StyleID="s25"><Data  Type="Number">4.1666999999999996</Data></Cell>
    <Cell  StyleID="s24"><Data  Type="DateTime">2016-09-28T00:00:00.000</Data></Cell>
    <Cell  StyleID="s26"><Data  Type="Number">1</Data></Cell>
   </Row>
   <Row>
    <Cell  Index="3"  StyleID="s23"><Data  Type="String">89442001010970</Data></Cell>
    <Cell  StyleID="s23"><Data  Type="String">7481521880</Data></Cell>
    <Cell  StyleID="s24"><Data  Type="DateTime">2015-03-10T00:00:00.000</Data></Cell>
    <Cell  StyleID="s23"><Data  Type="String">THREE</Data></Cell>
    <Cell  StyleID="s25"><Data  Type="Number">29.15</Data></Cell>
    <Cell  StyleID="s24"><Data  Type="DateTime">2016-09-28T00:00:00.000</Data></Cell>
    <Cell  StyleID="s26"><Data  Type="Number">2</Data></Cell>
   </Row>
   <Row>
    <Cell  Index="3"  StyleID="s23"><Data  Type="String">89442001010970</Data></Cell>
    <Cell  StyleID="s23"><Data  Type="String">7481518684</Data></Cell>
    <Cell  StyleID="s24"><Data  Type="DateTime">2015-03-10T00:00:00.000</Data></Cell>
    <Cell  StyleID="s23"><Data  Type="String">THREE</Data></Cell>
    <Cell  StyleID="s25"><Data  Type="Number">25</Data></Cell>
    <Cell  StyleID="s24"><Data  Type="DateTime">2016-09-28T00:00:00.000</Data></Cell>
    <Cell  StyleID="s26"><Data  Type="Number">5</Data></Cell>
   </Row>
   <Row>
    <Cell  Index="3"  StyleID="s23"><Data  Type="String">321198875308</Data></Cell>
    <Cell  StyleID="s23"><Data  Type="String">7538710854</Data></Cell>
    <Cell  StyleID="s24"><Data  Type="DateTime">2015-03-13T00:00:00.000</Data></Cell>
    <Cell  StyleID="s23"><Data  Type="String">EE</Data></Cell>
    <Cell  StyleID="s25"><Data  Type="Number">20.833300000000001</Data></Cell>
    <Cell  StyleID="s24"><Data  Type="DateTime">2016-09-28T00:00:00.000</Data></Cell>
    <Cell  StyleID="s26"><Data  Type="Number">2</Data></Cell>
   </Row>
   <Row>
    <Cell  Index="3"  StyleID="s23"><Data  Type="String">321198877610</Data></Cell>
    <Cell  StyleID="s23"><Data  Type="String">7507107284</Data></Cell>
    <Cell  StyleID="s24"><Data  Type="DateTime">2015-03-13T00:00:00.000</Data></Cell>
    <Cell  StyleID="s23"><Data  Type="String">EE</Data></Cell>
    <Cell  StyleID="s25"><Data  Type="Number">20.833300000000001</Data></Cell>
    <Cell  StyleID="s24"><Data  Type="DateTime">2016-09-28T00:00:00.000</Data></Cell>
    <Cell  StyleID="s26"><Data  Type="Number">2</Data></Cell>
   </Row>
   <Row>
    <Cell  Index="3"  StyleID="s23"><Data  Type="String">321197842426</Data></Cell>
    <Cell  StyleID="s23"><Data  Type="String">7487553840</Data></Cell>
    <Cell  StyleID="s24"><Data  Type="DateTime">2015-04-07T00:00:00.000</Data></Cell>
    <Cell  StyleID="s23"><Data  Type="String">EE</Data></Cell>
    <Cell  StyleID="s25"><Data  Type="Number">12.5</Data></Cell>
    <Cell  StyleID="s24"><Data  Type="DateTime">2016-09-28T00:00:00.000</Data></Cell>
    <Cell  StyleID="s26"><Data  Type="Number">1</Data></Cell>
   </Row>
   <Row>
    <Cell  Index="3"  StyleID="s23"><Data  Type="String">321199247282</Data></Cell>
    <Cell  StyleID="s23"><Data  Type="String">7947759722</Data></Cell>
    <Cell  StyleID="s24"><Data  Type="DateTime">2015-04-07T00:00:00.000</Data></Cell>
    <Cell  StyleID="s23"><Data  Type="String">EE</Data></Cell>
    <Cell  StyleID="s25"><Data  Type="Number">12.5</Data></Cell>
    <Cell  StyleID="s24"><Data  Type="DateTime">2016-09-28T00:00:00.000</Data></Cell>
    <Cell  StyleID="s26"><Data  Type="Number">2</Data></Cell>
   </Row>
   <Row>
    <Cell  Index="3"  StyleID="s23"><Data  Type="String">89442001013120</Data></Cell>
    <Cell  StyleID="s23"><Data  Type="String">7481960798</Data></Cell>
    <Cell  StyleID="s24"><Data  Type="DateTime">2015-04-07T00:00:00.000</Data></Cell>
    <Cell  StyleID="s23"><Data  Type="String">THREE</Data></Cell>
    <Cell  StyleID="s25"><Data  Type="Number">16.649999999999999</Data></Cell>
    <Cell  StyleID="s24"><Data  Type="DateTime">2016-09-28T00:00:00.000</Data></Cell>
    <Cell  StyleID="s26"><Data  Type="Number">2</Data></Cell>
   </Row>
  </Table>
  <WorksheetOptions xmlns="urn:schemas-microsoft-com:office:excel">
   <PageSetup>
    <Header  Margin="0.3"/>
    <Footer  Margin="0.3"/>
    <PageMargins  Bottom="0.75"  Left="0.7"  Right="0.7"  Top="0.75"/>
   </PageSetup>
   <ProtectObjects>False</ProtectObjects>
   <ProtectScenarios>False</ProtectScenarios>
  </WorksheetOptions>
 </Worksheet>
 <Worksheet  Name="SheetPerson2">
  <Table  >
   <Row  Index="2">
    <Cell  Index="3"  StyleID="s22"><Data  Type="String">Serial No.</Data></Cell>
    <Cell  StyleID="s22"><Data  Type="String">accountname</Data></Cell>
    <Cell  StyleID="s22"><Data  Type="String">BOD</Data></Cell>
    <Cell  StyleID="s22"><Data  Type="String">distname</Data></Cell>
    <Cell  StyleID="s22"><Data  Type="String">balanceamount</Data></Cell>
    <Cell  StyleID="s22"><Data  Type="String">AccountStartDate</Data></Cell>
    <Cell  StyleID="s22"/>
   </Row>
   <Row>
    <Cell  Index="3"  StyleID="s22"/>
    <Cell  StyleID="s22"/>
    <Cell  StyleID="s22"/>
    <Cell  StyleID="s22"/>
    <Cell  StyleID="s22"/>
    <Cell  StyleID="s22"/>
    <Cell  StyleID="s22"/>
   </Row>
   <Row>
    <Cell  Index="3"  StyleID="s23"><Data  Type="String">8944200100559</Data></Cell>
    <Cell  StyleID="s23"><Data  Type="String">7479797141</Data></Cell>
    <Cell  StyleID="s24"><Data  Type="DateTime">2014-11-07T00:00:00.000</Data></Cell>
    <Cell  StyleID="s23"><Data  Type="String">THREE</Data></Cell>
    <Cell  StyleID="s25"><Data  Type="Number">8.35</Data></Cell>
    <Cell  StyleID="s24"><Data  Type="DateTime">2016-09-28T00:00:00.000</Data></Cell>
    <Cell  StyleID="s26"><Data  Type="Number">3</Data></Cell>
   </Row>
   <Row>
    <Cell  Index="3"  StyleID="s23"><Data  Type="String">8944200101097</Data></Cell>
    <Cell  StyleID="s23"><Data  Type="String">7481522713</Data></Cell>
    <Cell  StyleID="s24"><Data  Type="DateTime">2015-02-09T00:00:00.000</Data></Cell>
    <Cell  StyleID="s23"><Data  Type="String">THREE</Data></Cell>
    <Cell  StyleID="s25"><Data  Type="Number">8.35</Data></Cell>
    <Cell  StyleID="s24"><Data  Type="DateTime">2016-09-28T00:00:00.000</Data></Cell>
    <Cell  StyleID="s26"><Data  Type="Number">1</Data></Cell>
   </Row>
   <Row>
    <Cell  Index="3"  StyleID="s23"><Data  Type="String">321196597781</Data></Cell>
    <Cell  StyleID="s23"><Data  Type="String">7506034185</Data></Cell>
    <Cell  StyleID="s24"><Data  Type="DateTime">2015-02-09T00:00:00.000</Data></Cell>
    <Cell  StyleID="s23"><Data  Type="String">EE</Data></Cell>
    <Cell  StyleID="s25"><Data  Type="Number">25</Data></Cell>
    <Cell  StyleID="s24"><Data  Type="DateTime">2016-09-28T00:00:00.000</Data></Cell>
    <Cell  StyleID="s26"><Data  Type="Number">6</Data></Cell>
   </Row>
   <Row>
    <Cell  Index="3"  StyleID="s23"><Data  Type="String">321196598927</Data></Cell>
    <Cell  StyleID="s23"><Data  Type="String">7506741074</Data></Cell>
    <Cell  StyleID="s24"><Data  Type="DateTime">2015-02-09T00:00:00.000</Data></Cell>
    <Cell  StyleID="s23"><Data  Type="String">EE</Data></Cell>
    <Cell  StyleID="s25"><Data  Type="Number">12.5</Data></Cell>
    <Cell  StyleID="s24"><Data  Type="DateTime">2016-09-28T00:00:00.000</Data></Cell>
    <Cell  StyleID="s26"><Data  Type="Number">3</Data></Cell>
   </Row>
   <Row>
    <Cell  Index="3"  StyleID="s23"/>
    <Cell  StyleID="s23"/>
    <Cell  StyleID="s24"/>
    <Cell  StyleID="s23"/>
    <Cell  StyleID="s25"/>
    <Cell  StyleID="s24"/>
    <Cell  StyleID="s26"/>
   </Row>
   <Row>
    <Cell  Index="3"  StyleID="s23"><Data  Type="String">89441000303835</Data></Cell>
    <Cell  StyleID="s23"><Data  Type="String">89441000303835700236</Data></Cell>
    <Cell  StyleID="s24"><Data  Type="DateTime">2015-02-10T00:00:00.000</Data></Cell>
    <Cell  StyleID="s23"><Data  Type="String">LEBARA MOBILE</Data></Cell>
    <Cell  StyleID="s25"><Data  Type="Number">20.833300000000001</Data></Cell>
    <Cell  StyleID="s24"><Data  Type="DateTime">2016-09-28T00:00:00.000</Data></Cell>
    <Cell  StyleID="s26"><Data  Type="Number">6</Data></Cell>
   </Row>
   <Row>
    <Cell  Index="3"  StyleID="s23"><Data  Type="String">321198878097</Data></Cell>
    <Cell  StyleID="s23"><Data  Type="String">7507326373</Data></Cell>
    <Cell  StyleID="s24"><Data  Type="DateTime">2015-03-03T00:00:00.000</Data></Cell>
    <Cell  StyleID="s23"><Data  Type="String">EE</Data></Cell>
    <Cell  StyleID="s25"><Data  Type="Number">4.1666999999999996</Data></Cell>
    <Cell  StyleID="s24"><Data  Type="DateTime">2016-09-28T00:00:00.000</Data></Cell>
    <Cell  StyleID="s26"><Data  Type="Number">5</Data></Cell>
   </Row>
   <Row>
    <Cell  Index="3"  StyleID="s23"><Data  Type="String">321198878205</Data></Cell>
    <Cell  StyleID="s23"><Data  Type="String">7507349956</Data></Cell>
    <Cell  StyleID="s24"><Data  Type="DateTime">2015-03-03T00:00:00.000</Data></Cell>
    <Cell  StyleID="s23"><Data  Type="String">EE</Data></Cell>
    <Cell  StyleID="s25"><Data  Type="Number">25</Data></Cell>
    <Cell  StyleID="s24"><Data  Type="DateTime">2016-09-28T00:00:00.000</Data></Cell>
    <Cell  StyleID="s26"><Data  Type="Number">6</Data></Cell>
   </Row>
   <Row>
    <Cell  Index="3"  StyleID="s23"><Data  Type="String">321198874261</Data></Cell>
    <Cell  StyleID="s23"><Data  Type="String">7983352861</Data></Cell>
    <Cell  StyleID="s24"><Data  Type="DateTime">2015-03-03T00:00:00.000</Data></Cell>
    <Cell  StyleID="s23"><Data  Type="String">EE</Data></Cell>
    <Cell  StyleID="s25"><Data  Type="Number">8.3332999999999995</Data></Cell>
    <Cell  StyleID="s24"><Data  Type="DateTime">2016-09-28T00:00:00.000</Data></Cell>
    <Cell  StyleID="s26"><Data  Type="Number">4</Data></Cell>
   </Row>
   <Row>
    <Cell  Index="3"  StyleID="s23"><Data  Type="String">321197841459</Data></Cell>
    <Cell  StyleID="s23"><Data  Type="String">7487552870</Data></Cell>
    <Cell  StyleID="s24"><Data  Type="DateTime">2015-03-06T00:00:00.000</Data></Cell>
    <Cell  StyleID="s23"><Data  Type="String">EE</Data></Cell>
    <Cell  StyleID="s25"><Data  Type="Number">4.1666999999999996</Data></Cell>
    <Cell  StyleID="s24"><Data  Type="DateTime">2016-09-28T00:00:00.000</Data></Cell>
    <Cell  StyleID="s26"><Data  Type="Number">1</Data></Cell>
   </Row>
   <Row>
    <Cell  Index="3"  StyleID="s23"><Data  Type="String">8944200101097</Data></Cell>
    <Cell  StyleID="s23"><Data  Type="String">7481521880</Data></Cell>
    <Cell  StyleID="s24"><Data  Type="DateTime">2015-03-10T00:00:00.000</Data></Cell>
    <Cell  StyleID="s23"><Data  Type="String">THREE</Data></Cell>
    <Cell  StyleID="s25"><Data  Type="Number">29.15</Data></Cell>
    <Cell  StyleID="s24"><Data  Type="DateTime">2016-09-28T00:00:00.000</Data></Cell>
    <Cell  StyleID="s26"><Data  Type="Number">2</Data></Cell>
   </Row>
   <Row>
    <Cell  Index="3"  StyleID="s23"><Data  Type="String">894420010109</Data></Cell>
    <Cell  StyleID="s23"><Data  Type="String">7481518684</Data></Cell>
    <Cell  StyleID="s24"><Data  Type="DateTime">2015-03-10T00:00:00.000</Data></Cell>
    <Cell  StyleID="s23"><Data  Type="String">THREE</Data></Cell>
    <Cell  StyleID="s25"><Data  Type="Number">25</Data></Cell>
    <Cell  StyleID="s24"><Data  Type="DateTime">2016-09-28T00:00:00.000</Data></Cell>
    <Cell  StyleID="s26"><Data  Type="Number">5</Data></Cell>
   </Row>
   <Row>
    <Cell  Index="3"  StyleID="s23"><Data  Type="String">321198875308</Data></Cell>
    <Cell  StyleID="s23"><Data  Type="String">7538710854</Data></Cell>
    <Cell  StyleID="s24"><Data  Type="DateTime">2015-03-13T00:00:00.000</Data></Cell>
    <Cell  StyleID="s23"><Data  Type="String">EE</Data></Cell>
    <Cell  StyleID="s25"><Data  Type="Number">20.833300000000001</Data></Cell>
    <Cell  StyleID="s24"><Data  Type="DateTime">2016-09-28T00:00:00.000</Data></Cell>
    <Cell  StyleID="s26"><Data  Type="Number">2</Data></Cell>
   </Row>
   <Row>
    <Cell  Index="3"  StyleID="s23"><Data  Type="String">321198877610</Data></Cell>
    <Cell  StyleID="s23"><Data  Type="String">7507107284</Data></Cell>
    <Cell  StyleID="s24"><Data  Type="DateTime">2015-03-13T00:00:00.000</Data></Cell>
    <Cell  StyleID="s23"><Data  Type="String">EE</Data></Cell>
    <Cell  StyleID="s25"><Data  Type="Number">20.833300000000001</Data></Cell>
    <Cell  StyleID="s24"><Data  Type="DateTime">2016-09-28T00:00:00.000</Data></Cell>
    <Cell  StyleID="s26"><Data  Type="Number">2</Data></Cell>
   </Row>
   <Row>
    <Cell  Index="3"  StyleID="s23"><Data  Type="String">321197842426</Data></Cell>
    <Cell  StyleID="s23"><Data  Type="String">7487553840</Data></Cell>
    <Cell  StyleID="s24"><Data  Type="DateTime">2015-04-07T00:00:00.000</Data></Cell>
    <Cell  StyleID="s23"><Data  Type="String">EE</Data></Cell>
    <Cell  StyleID="s25"><Data  Type="Number">12.5</Data></Cell>
    <Cell  StyleID="s24"><Data  Type="DateTime">2016-09-28T00:00:00.000</Data></Cell>
    <Cell  StyleID="s26"><Data  Type="Number">1</Data></Cell>
   </Row>
   <Row>
    <Cell  Index="3"  StyleID="s23"><Data  Type="String">321199247282</Data></Cell>
    <Cell  StyleID="s23"><Data  Type="String">7947759722</Data></Cell>
    <Cell  StyleID="s24"><Data  Type="DateTime">2015-04-07T00:00:00.000</Data></Cell>
    <Cell  StyleID="s23"><Data  Type="String">EE</Data></Cell>
    <Cell  StyleID="s25"><Data  Type="Number">12.5</Data></Cell>
    <Cell  StyleID="s24"><Data  Type="DateTime">2016-09-28T00:00:00.000</Data></Cell>
    <Cell  StyleID="s26"><Data  Type="Number">2</Data></Cell>
   </Row>
   <Row>
    <Cell  Index="3"  StyleID="s23"><Data  Type="String">894420010131</Data></Cell>
    <Cell  StyleID="s23"><Data  Type="String">7481960798</Data></Cell>
    <Cell  StyleID="s24"><Data  Type="DateTime">2015-04-07T00:00:00.000</Data></Cell>
    <Cell  StyleID="s23"><Data  Type="String">THREE</Data></Cell>
    <Cell  StyleID="s25"><Data  Type="Number">16.649999999999999</Data></Cell>
    <Cell  StyleID="s24"><Data  Type="DateTime">2016-09-28T00:00:00.000</Data></Cell>
    <Cell  StyleID="s26"><Data  Type="Number">2</Data></Cell>
   </Row>
  </Table>
  <WorksheetOptions xmlns="urn:schemas-microsoft-com:office:excel">
   <PageSetup>
    <Header  Margin="0.3"/>
    <Footer  Margin="0.3"/>
    <PageMargins  Bottom="0.75"  Left="0.7"  Right="0.7"  Top="0.75"/>
   </PageSetup>
   <Selected/>
   <Panes>
    <Pane>
     <Number>3</Number>
     <ActiveRow>4</ActiveRow>
     <ActiveCol>12</ActiveCol>
    </Pane>
   </Panes>
   <ProtectObjects>False</ProtectObjects>
   <ProtectScenarios>False</ProtectScenarios>
  </WorksheetOptions>
 </Worksheet>
 <Worksheet  Name="Sheet3">
  <Table  >
  </Table>
  <WorksheetOptions xmlns="urn:schemas-microsoft-com:office:excel">
   <PageSetup>
    <Header  Margin="0.3"/>
    <Footer  Margin="0.3"/>
    <PageMargins  Bottom="0.75"  Left="0.7"  Right="0.7"  Top="0.75"/>
   </PageSetup>
   <ProtectObjects>False</ProtectObjects>
   <ProtectScenarios>False</ProtectScenarios>
  </WorksheetOptions>
 </Worksheet>
</Workbook>
